INSERT INTO question (id, content, difficulty, exam_date) VALUES (1, 'Bezwzględne przeciwwskazania do fototerapii UVB to:', 'HARD', '2023-05-01'),
                                                             (2, 'U pacjentów HIV-dodatnich z dermatozą wymagającą fototerapii jako metodę najbezpieczniejszą, niewpływającą na poziom replikacji wirusa zastosuje się:', 'MEDIUM', '2023-05-01'),
                                                             (3, 'Do poradni wenerologicznej zgłosił się 27-letni mężczyzna, który podał, że w dniu poprzednim odbył analny kontakt bez zabezpieczenia będąc stroną bierną z mężczyzną, na temat którego dowiedział się, że jest zakażony HIV. U pacjenta wdrożono odpowiednie postępowanie poekspozycyjne zakażenia HIV. Podczas kolejnej wizyty, która odbyła się tydzień później lekarz wenerolog otrzymał dane medyczne partnera pacjenta, z których wynikało, że jest on rzeczywiście zakażony HIV, jest leczony antyretrowirusowo, a wynik jego wiremii (sprzed miesiąca) to 216 kopii wirusa/ml. Uzyskano także wynika badań krwi pacjenta, które wykonano podczas pierwszej wizyty - anty-HIV/p24 ujemny. Najbardziej odpowiednie postępowanie z pacjentem poradni wenerologicznej będzie obejmowało', 'MEDIUM', '2023-05-01'),
                                                             (4, 'Do Kliniki Dermatologii przyjęto 23-letnią pacjentkę ze zmianami o typie przebarwień koloru mahoniu w obrębie grzbietowych powierzchni rąk i stóp oraz zapalenia języka obecnych od kilku miesięcy. W wywiadzie również utrata apetytu, bóle brzucha, przewlekła biegunka oraz podejrzenie zespołu otępiennego. Pacjentka od kilku lat stosuje karbamazepinę z powodu padaczki. U pacjentki w diagnostyce różnicowej zmian skórnych należy rozważyć niedobór witaminy:', 'EXTREME', '2022-10-01'),
                                                             (5, 'Przez jaki okres od zakażenia testy wykrywające przeciwciała antyretrowirusowe nie mają wartości diagnostycznej?' , 'MEDIUM', '2022-10-01');

INSERT INTO question_categories(question_id, categories) VALUES (1, 'PHOTOTHERAPY'),
                                                                (2, 'PHOTOTHERAPY'),
                                                                (2, 'VENEREOLOGY'),
                                                                (2, 'HIV'),
                                                                (3, 'VENEREOLOGY'),
                                                                (3, 'HIV'),
                                                                (4, 'VITAMINS'),
                                                                (5, 'VENEREOLOGY'),
                                                                (5, 'HIV');

INSERT INTO answer (content, correct, question_id) VALUES ('padaczka', true, 1),
                                                          ('istniejące lub przebyte nowotwory skóry', true, 1),
                                                          ('łuszczyca krostkowa typu von Zumbusch', true, 1),
                                                          ('cukrzyca', false, 1),
                                                          ('nadciśnienie tętnicze', false, 1),
                                                          ('UVA1', true, 2),
                                                          ('PUVA-terapię', false, 2),
                                                          ('UVB 311', false, 2),
                                                          ('balneo-PUVA (PUVA bath)', false, 2),
                                                          ('UVA - topical', false, 2),
                                                          ('podanie tenofowiru z emtrycytabiną oraz raltegrawirem przez kolejne 21 dni, jeśli takie leki zostały zastosowane w postępowaniu poekspozycyjnym podczas pierwszej wizyty', true, 3),
                                                          ('podanie tenofowiru z emtrycytabiną przez kolejne 21 dni, jeśli takie leki zostały zastosowane w postępowaniu poekspozycyjnym podczas pierwszej wizyty', false, 3),
                                                          ('podanie tenofowiru z emtrycytabiną przez kolejne 28 dni, jeśli takie leki zostały zastosowane w postępowaniu poekspozycyjnym podczas pierwszej wizyty.', false, 3),
                                                          ('odstawienie leków zastosowanych w postępowaniu poekspozycyjnym podczas pierwszej wizyty.', false, 3),
                                                          ('odstawienie leków zastosowanych w postępowaniu poekspozycyjnym podczas pierwszej wizyty i powtórzenie badania anty-HIV za 6 tygodni od kontaktu seksualnego.', false, 3),
                                                          ('C', false, 4),
                                                          ('B3', true, 4),
                                                          ('D', false, 4),
                                                          ('A', false, 4),
                                                          ('K', false, 4),
                                                          ('przez 7 dni', false, 5),
                                                          ('przez 4 tygodnie', true, 5),
                                                          ('przez 2 miesiące', false, 5),
                                                          ('przez 6 miesięcy', false, 5),
                                                          ('podane testy diagnostyczne mogą wykryć zakażenie praktycznie na drugi dzień po zakażeniu.', false, 5);